{"file_hashes":[{"block_hashes":["hf3lWHwt57G2jPAx40p96p9004SADWdH54GxcVXw7IU="],"block_size":4096,"path":"_locales/is/messages.json"},{"block_hashes":["b8Jy17pPEJTrWx8N8qhveiqStp+ezaljonp2xuBhcyY="],"block_size":4096,"path":"_locales/tl/messages.json"},{"block_hashes":["DaNyfONFYvtDfQOB91+yWVb6u+Ub9WwISD8kuLrZNJY="],"block_size":4096,"path":"assets/bird.png"},{"block_hashes":["w72usnHCvcSJr03CkcrqVg9MycI4d5H9NCMeTETI8Y0="],"block_size":4096,"path":"assets/ceiling.png"},{"block_hashes":["DUh12W1GKIhiIo1PqCPQJpND9VrWBk0Qpkwn2SMJ2e0="],"block_size":4096,"path":"assets/font_big_0.png"},{"block_hashes":["MpcASRSRVcVWJ0I8pI0N770/mnIsgC+ahZas3w88a4k="],"block_size":4096,"path":"assets/font_big_1.png"},{"block_hashes":["0z32YHXsfgvH8BOiD6SzYM6Z2Ms2UYWgZ9Puox9k6Jg="],"block_size":4096,"path":"assets/font_big_2.png"},{"block_hashes":["FZy8XjLmrgM3V0KVyjmPoYChs2qHLVBNTys79UU5HhY="],"block_size":4096,"path":"assets/font_big_3.png"},{"block_hashes":["z3gIoD/qUWCQ9NhNCKJroqdzfaH+3p++oZxDmvaxDss="],"block_size":4096,"path":"assets/font_big_4.png"},{"block_hashes":["BGofWfnn/2r2C2B4kpDry+bG9E9G6Pm9g1ggw3cHoYg="],"block_size":4096,"path":"assets/font_big_5.png"},{"block_hashes":["5TghkrLzE1By4K3TB31cm78bGzKEvZICutdq5b7Cte4="],"block_size":4096,"path":"assets/font_big_6.png"},{"block_hashes":["Ay7aR1U076RHY3wA3FEB4orMobEY88SsKZG3n+r6S2s="],"block_size":4096,"path":"assets/font_big_7.png"},{"block_hashes":["/VGRL1fKOQmO7vKZYMZY+MpAAKSq1v8maPy2tlCymuQ="],"block_size":4096,"path":"assets/font_big_8.png"},{"block_hashes":["+fgEF1k8+xqQaF13qaNSpy12/CQwVZaQFEJ0iuUE9OE="],"block_size":4096,"path":"assets/font_big_9.png"},{"block_hashes":["FiGULn9Dn5ukGbG/k6gWV3qMPlgQ/avF9jiwcDe5pwY="],"block_size":4096,"path":"assets/font_small_0.png"},{"block_hashes":["BroKoTkdR9vWR+4E3htg0qieXdUVkWWa5JbSrOj9878="],"block_size":4096,"path":"assets/font_small_1.png"},{"block_hashes":["JqmGmCBI//SIS8cNKz/lsg+Vi+6wYBOSyle03p9a7/Q="],"block_size":4096,"path":"assets/font_small_2.png"},{"block_hashes":["xiwkMXDH3aWqe2OmJpMAaNGtLnhSHC9ycA802nMudms="],"block_size":4096,"path":"assets/font_small_3.png"},{"block_hashes":["843OpqmtsLVXakvMUS4Ack4koonutshhEiOlYu686sE="],"block_size":4096,"path":"assets/font_small_4.png"},{"block_hashes":["NZbV8nw3LXfxOXM6iGj92u6gjP4+NkOqzKUO/JpZ9To="],"block_size":4096,"path":"assets/font_small_5.png"},{"block_hashes":["pmox1UbpuUgdBdxGkJHJjGUnedFJTBqbwrjF3ID/oGs="],"block_size":4096,"path":"assets/font_small_6.png"},{"block_hashes":["IlmkbsNcvRat4mcjtF/GswUn+OplH/9qm0W7uQgKZ70="],"block_size":4096,"path":"assets/font_small_7.png"},{"block_hashes":["eJl7OeLfIXe9UQdNMJT4EuT7GsSQ2m3eWSEgIgWRhdk="],"block_size":4096,"path":"assets/font_small_8.png"},{"block_hashes":["XXfZucx+hEqu+Y7tpg7FvOIlp7IOiENvYY06MYBblc8="],"block_size":4096,"path":"assets/font_small_9.png"},{"block_hashes":["79Jc/+GgEZf+WYY2j4aqF19XowpbY5ECGPDuB5LM/qk="],"block_size":4096,"path":"assets/land.png"},{"block_hashes":["OMzjjWOdCF6S48ZrNUzt3riCv/mqxh07YmMHEbPk2IY="],"block_size":4096,"path":"assets/medal_bronze.png"},{"block_hashes":["pfG6MLm3VkXV+FRfKW0XKnS8NQzIFKQPK0egvv1VTJM="],"block_size":4096,"path":"assets/medal_gold.png"},{"block_hashes":["OrYH2YTcpd35XIWow7sany+ciiBXD5f9DcDwAvsqWxw="],"block_size":4096,"path":"assets/medal_platinum.png"},{"block_hashes":["cX+MInp5RzVFOtFTxHQ2vbkSHwI14BZegwyiO8ZmSiY="],"block_size":4096,"path":"assets/medal_silver.png"},{"block_hashes":["byBSfzm02SIggoV8iG9os6TYkCvTfr0cAnd+HduOjHQ="],"block_size":4096,"path":"assets/pipe-down.png"},{"block_hashes":["PPkaI9TcI0kzRbq+nft9yendMXgFZsCWRCOsAZYU44o="],"block_size":4096,"path":"assets/pipe-up.png"},{"block_hashes":["+C/2zvGtIKRTuddBRNBDq1flvCiQfi8tuKBS/6xz6XQ="],"block_size":4096,"path":"assets/pipe.png"},{"block_hashes":["2Cgg6EfMxukthsBGWtA8YrtBKj/tIr85CY02P+eZtZA="],"block_size":4096,"path":"assets/replay.png"},{"block_hashes":["UAc9q9Dl/TTmPiRQQEPnX9/30r9ikbo5ZfYrs+H0F0k="],"block_size":4096,"path":"assets/scoreboard.png"},{"block_hashes":["wNPwJ66XqRWdMbVWBSQ62mPvFwLS4Fo3fsiAXTjRTwU="],"block_size":4096,"path":"assets/sky.png"},{"block_hashes":["R7er5Y3BzLifFp+0xPHueV6AkobgxWQNpE1SOOmFmr8=","bB5p1ZZ1VNinGQ8mHmoHHzzVu67YxwKMNv4jv4U2MfI=","/HbAbrOjdUYvgMQwTdz/7PCWqZk5Thf9+ZXolzqbgcA=","Q2B0wGDYhamh+TNAiQks1Vta5CtIRhcUnGPNSqujXsI=","N311cg974zo3OtAStkdQQFY9/PLWA8480YgSRZxeWlc="],"block_size":4096,"path":"assets/sounds/sfx_die.ogg"},{"block_hashes":["PivdD++4DJXqV60HUeJJuvGvzRKDgP2ZIvE0tM9agQg=","lm2xqJD/rk7YjDFJeaCJoBE0KjRJbK+IpJkNUI4n05M=","Tz7ww82h0HPo9vy7KlPLA5tDBY/1NYtCXOVWWH2WBU4=","xtQIY4GHvB4f4zWLiGbuwddOCnPISei9tNs4P9Xddm4="],"block_size":4096,"path":"assets/sounds/sfx_hit.ogg"},{"block_hashes":["5WR8zNww6/cR6dqNX5SjNiqofDvfkX7ROMzwcQFGdTM=","1FdbczQTl0oikp8l/r4CydC2SUAo2YepGgKHwZ/zExc=","Cd++3j3CIlj282ZGZjoh3nwSXCbbdqoa2e8lybW8MeY=","Jh1GAT4ca0b0WhX6Pck7SZjc1XVy1wpM60broKC6sJY="],"block_size":4096,"path":"assets/sounds/sfx_point.ogg"},{"block_hashes":["fSZNF4pRxK412DjZ9jGd5P0KtBfsC/95u+cJ4ol9yRE=","NNPFo5XibuuTZ1XAmsbvUL9/bQIayWPqBqk+Mc6tGM0=","aCTXj7/xaoKBB1Wz7MMHLe5o6PFbBtnlQ7OvAhFAUQg=","WIwFTSW/6XnhRUptt49b9a+egCfJpLmSgBn80klRK8o="],"block_size":4096,"path":"assets/sounds/sfx_swooshing.ogg"},{"block_hashes":["y6RbCqphu047+bLZoPwAtrCIVKoHM6GSEDby44jIdnM=","klYEn8vXYgY7RPas2xLCl9bF3OM3d7AwCTgkFDowAM8="],"block_size":4096,"path":"assets/sounds/sfx_wing.ogg"},{"block_hashes":["2GBy3D8K410musljSjo+99nuRHkrcrdI9DbcpAxuQpw="],"block_size":4096,"path":"assets/splash.png"},{"block_hashes":["PGVa6CF3bov0/64hX4bpbd6YfuVeikY/NxU+sfmnECc=","f8b7MQLuV6mqJCJ4xQt31xAp/q1RFqcXBRvSKjRY/FA=","zNJfocT0o9DysQl1Zva6uUizBjLthUYYLAdGgb1uDxc="],"block_size":4096,"path":"assets/thumb.png"},{"block_hashes":["A48GjvrlHg95QfXeRC1K9PgfropptG+Z4xurQ755huo=","ymRuLxfNVQL8yHyX4I0BAEfqqIKVh1DGpxacoQVeHlg=","O0NTYpIqEY5wl5HXTWQsMkzPdTJly2oycHa4yi1wfI0="],"block_size":4096,"path":"css/main.css"},{"block_hashes":["NLovpryGCl2iSt0XLvMkf3z4XRaUDiCwHQcknY5N4iE="],"block_size":4096,"path":"css/reset.css"},{"block_hashes":["u/guoiLZHpiHaHgOhK2PyYwAyrZm3iv1ikoqtdL6ugI=","exG3NJcmlHTrW1FbMCN99CFti4xfbl19OeNXrRexYQ4="],"block_size":4096,"path":"index.html"},{"block_hashes":["9BFQyYVjAeyrOV5vfeA7EK0Mpt4y6lTjzabtRUTw33I=","Hc+ehfQPfkVpuzBYzeOV5x5dieWM7AzKRPzMXJmVn3M=","Dd+V54GWZa6Eb5B8vAOJWvhbGofi8ytJ4v0eyPloh6Y="],"block_size":4096,"path":"js/buzz.min.js"},{"block_hashes":["SU+Cx1uPyKrA1vYHkBFcHANDne7Txm/+L/u5mOnnCKk="],"block_size":4096,"path":"js/config.js"},{"block_hashes":["zDA7y+FBSyy/3gftN953BGp1JtEn+uz27A8zZYRwGJM=","R/SBaa8KXHS2og2xH02P1SA6paVJclxw+kjJttoMzbk=","rWpNNylEuNnD7uNlF3fmaU+LkwiBiYivCABrVgmqAnQ="],"block_size":4096,"path":"js/game.js"},{"block_hashes":["06x4zV5t9oOpN4ii0wjrO29gRcx+AunrrWlvQD7/xbk=","KL39C+wydbaaKzhnfkH+w0Zo86bs0FKi7Yb0z6CHLJU=","l2TUpVkwbHEqdeAijkm2jR1X3rU5RzPQKSw3y0K67Xw=","8akfISYRFod3qgQG1o6dFyG6fh8RIRQHdUAZ42FJ2TY=","2N9kB/lYzuGNfOp+mQ8ORmpwXQ96qUflF0JxDaWtSX8=","mdgyweG2r6Jtxg6vi0+bKbAkVYfay6tPXChB1xp0LEg=","TZg3AK7f2D2EoLXBbD/5ec+0H+MPn96lm3c6SEbpox4=","fSwE7b/RDxXpbUt9FUACwKbBnibblPkQD1zdAx4NEo8=","CvYLcchRkIVhzVklWygcC+MNLCl4pN6pXVWrSC3znoU=","4+IEv6ik83hKj51Xl+rp6GUZFFvdzZc109QX1cQrwO4=","IS97KRgZnFKacSwHL7fXMMHruoJinmzzItQ3I3MQqew=","B4Y9+gZov2Y7LEhKE/Rv3d/yNRDnSehQaCNCAuxhtqs=","iZ4fF3w4exkg7ExjqyIPscrBLvpB+5RyS16vo4w8gkw=","ffUd8iIHJhmoIp8/qPXWMliCEVEoHsDF80NeTBXd9fs=","tB0LaaB/aPixLX6s26M0L9npWSZQrS272XBPRBirYn4=","QgS0mevErfPpSYfigjn4nzQrHMrQgB8n7BTBrEUHhrc=","FJ2V8SiTLPs0SK35jS7pbtRcV9VzzppcfaNQIspnhVc=","aSoeMZykweZqdVgLJoE6tKYke2YRu5poNcFsda4UfLw=","ADiyKxOXpTRD+GVgBGQEqDA5BR7MwyckB5GrQ+WKIN0=","Ad0H1+YWxI6c4yk54PqhYKAXGAlDvIrKeLlFZtm/TRc=","Ad6KDlEDEVLG6yehe6rjEUWZpkcnygJEtxxJ25MvGqM=","rXQ/FREW8M27s3w1hPNB4X1hDHXgPCwyoX4p2Q4pujY=","vqOW1dHwGpIXsEuvlJiNBuZM3Jtg9BEejg5OXo9H45A="],"block_size":4096,"path":"js/jquery.min.js"},{"block_hashes":["fh7Lgr8+MhwVvv+HS8VvxEGCoo0GFIgzZO+yPVu8KaU=","D1x+hYPmeU6WA0yfLm+uUec+7KZQcemk7esX4x02bYw="],"block_size":4096,"path":"js/jquery.transit.min.js"},{"block_hashes":["k0A8nTormNMViA4YVZrElYwuBm2HizmreGbl0UYUYKs=","FFCONm7TzV7tPRyU82GXh1ERXYDBWgTwGw5NdACjyHI="],"block_size":4096,"path":"js/main.js"},{"block_hashes":["roqwIGJReyLiOjUSmScJHhxXLyRnlWt2QMaM189Ev18="],"block_size":4096,"path":"js/update.js"},{"block_hashes":["stCSo+DI2INQtkxIUwRbCCeTeuwY0sKUlUP/eE/AaPE="],"block_size":4096,"path":"update.js"}],"version":2}